{"target": "werdotx.shop", "tag": "Safe", "timestamp": "2025-06-23T20:46:54.988718"}
{"target": "werdotx.shop", "tag": "Suspicious", "timestamp": "2025-06-23T20:47:02.596463"}
{"target": "werdotx.shop", "tag": "Suspicious", "timestamp": "2025-06-23T20:50:40.953241"}
{"target": "werdotx.shop", "tag": "Suspicious", "timestamp": "2025-06-23T20:54:03.265035"}
{"target": "45.153.160.129", "tag": "Safe", "timestamp": "2025-06-23T20:56:47.343053"}
{"target": "45.153.160.129", "tag": "Suspicious", "timestamp": "2025-06-23T21:00:06.538689"}
{"target": "gmrgroup.com", "tag": "Malicious", "timestamp": "2025-06-23T22:30:06.678741"}
{"target": "gmrgroup.in", "tag": "Safe", "timestamp": "2025-06-23T22:31:15.053401"}
{"target": "172.64.151.8", "tag": "Safe", "timestamp": "2025-06-23T23:28:25.151385"}
{"target": "s.teamy.cc", "tag": "Malicious", "timestamp": "2025-06-23T23:29:51.770666"}
{"target": "werdotx.shop", "tag": "Safe", "timestamp": "2025-06-23T23:35:03.225165"}
{"target": "werdotx.shop", "tag": "Safe", "timestamp": "2025-06-23T23:37:49.725870"}
{"target": "werdotx.shop", "tag": "Safe", "timestamp": "2025-06-23T23:42:21.882278"}
{"target": "tryhackme.com", "tag": "Safe", "timestamp": "2025-06-24T00:12:32.031968"}
{"target": "werdotx.shop", "tag": "Safe", "timestamp": "2025-06-24T00:15:34.236852"}
{"target": "werdotx.shop", "tag": "Safe", "timestamp": "2025-06-24T00:16:43.398943"}
{"target": "login.nfsu.ac.in", "tag": "Safe", "timestamp": "2025-06-24T00:18:29.599967"}
{"target": "werdotx.shop", "tag": "Safe", "timestamp": "2025-06-24T00:21:27.073666"}
{"target": "werdotx.shop", "tag": "Safe", "timestamp": "2025-06-24T00:44:55.827966"}
{"target": "werdotx.shop", "tag": "Safe", "timestamp": "2025-06-24T09:22:20.014823"}
